title,year,publisher,structure,pages,reader_url,grounding,no_narration_short,hook,date_added,status
W0rldtr33,2023,Image,arc (ongoing),37,https://batcave.biz/reader/6495/33723,sdk-web,"verified-clean (only QuickFlip review shorts, no story narration)",The Undernet — a hidden layer of the internet unleashes digital horror (James Tynion IV),2026-06-10,queued
Phantom Road,2023,Image,arc (ongoing),30,https://batcave.biz/reader/4189/21454,sdk-web,verified-clean (reviews/trailers only),A long-haul trucker crosses into a nightmarish parallel dimension (Jeff Lemire),2026-06-10,queued
Nocterra,2021,Image,arc (ongoing),38,https://batcave.biz/reader/4013/20507,sdk-web,verified-clean (reviews only),A world plunged into eternal darkness; the dark turns the living into monstrous shades (Scott Snyder),2026-06-10,queued
A Walk Through Hell,2018,AfterShock,mini (12 issues),35,https://batcave.biz/reader/56/524,sdk-web,"clean of Shorts (a long-form saga recap exists, but no narration Short)",Two FBI agents trapped in a building that is a manifestation of pure evil (Garth Ennis),2026-06-10,queued
Bone Orchard Mythos,2022,Image,mini/arc,27,https://batcave.biz/reader/10576/69772,sdk-web,verified-clean (QuickFlip reviews only),Interconnected cosmic-horror mythos (Lemire/Sorrentino),2026-06-10,queued
Home Sick Pilots,2020,Image,mini (15 issues),31,https://batcave.biz/reader/17311/116546,sdk-web,verified-clean (review/trailer shorts only),A punk singer trapped inside a haunted house that walks across California as a mecha,2026-06-10,queued
That Texas Blood,2020,Image,arc (ongoing),32,https://batcave.biz/reader/5554/29030,sdk-web,verified-clean (review/description shorts only),Rural Texas sheriff noir crime (Condon/Phillips),2026-06-10,queued
Newburn,2021,Image,arc (ongoing),31,https://batcave.biz/reader/3970/20280,sdk-web,verified-clean (reviews/trailers only),A fixer-detective who works for every crime family in the city; noir (Zdarsky),2026-06-10,queued
A Righteous Thirst for Vengeance,2021,Image,mini (11 issues),29,https://batcave.biz/reader/45/483,sdk-web,"verified-clean (reviews/trailers + 1 promo short, no story narration)",An ordinary man uncovers a dark-web contract killer's plot and is pulled into a brutal cycle of vengeance (Rick Remender),2026-06-10,queued
Secret Wars: Secret Love,2015,Marvel/Secret Wars,one-shot (anthology),32,https://batcave.biz/reader/24970/172207,marvel/sdk-web,verified-clean (only general Secret Wars videos),Romance anthology of Marvel couples on Battleworld,2026-06-10,queued
Mrs. Deadpool and the Howling Commandos,2015,Marvel/Secret Wars,mini (4 issues),20,https://batcave.biz/reader/22148/152497,marvel/sdk-web,verified-clean (only cover/art shorts),"Shiklah leads a squad of classic monsters (Dracula, Frankenstein, Werewolf) in the Monster Metropolis",2026-06-10,queued
A-Force,2015,Marvel/Secret Wars,mini (5 issues),22,https://batcave.biz/reader/7426/43727,marvel/sdk-web,verified-clean (no A-Force-specific recap/short found),"The all-female domain of Arcadia, ruled by She-Hulk, faces a breach in Battleworld",2026-06-10,queued
Inferno (Secret Wars),2015,Marvel/Secret Wars,mini (5 issues),22,https://batcave.biz/reader/18698/128600,marvel/sdk-web,verified-clean (only general Secret Wars overviews),Colossus fights to rescue his sister Illyana from a demon-overrun Limbo domain (dark),2026-06-10,queued
Planet Hulk (Secret Wars),2015,Marvel/Secret Wars,mini (5 issues),22,https://batcave.biz/reader/23402/161686,sdk-web,"verified-clean (shorts found are Greg Pak 2006 original or MCU hype, no SW2015 mini narration short)",Gladiator Steve Rogers + Devil Dinosaur venture into the Hulk-infested Greenland domain of Battleworld,2026-06-10,queued
Infinity Gauntlet (Secret Wars),2015,Marvel/Secret Wars,mini (5 issues),23,https://batcave.biz/reader/18734/128808,sdk-web,"verified-clean (only general Secret Wars and Black Panther gauntlet clips, no SW2015 mini narration short)",A family of survivors uses the Infinity Stones to fight back the zombie Nova swarms ravaging Battleworld,2026-06-10,queued
Civil War (Secret Wars),2015,Marvel/Secret Wars,mini (5 issues),38,https://batcave.biz/reader/11664/77408,sdk-web,verified-clean (Complete Story long-form exists but no narration short),The Civil War never ended; Battleworld's Iron Man vs Captain America domain torn apart for six years,2026-06-10,queued
Thors (Secret Wars),2015,Marvel/Secret Wars,mini (4 issues),23,https://batcave.biz/reader/29755/208738,sdk-web,"verified-clean (shorts found are MCU Thor speculation and Spanish review, no full-story narration short)",Thor Corps detectives investigate a serial killer targeting alternate-universe women across Battleworld (noir + hammers),2026-06-10,queued
House of M (Secret Wars),2015,Marvel/Secret Wars,mini (4 issues),21,https://batcave.biz/reader/18300/126207,sdk-web,verified-clean (no SW2015 House of M narration short found; only general HoM-event content),Magneto's mutant empire rules supreme on Battleworld but the Witch's secret threatens the House of Magnus,2026-06-10,queued
Age of Apocalypse (Secret Wars),2015,Marvel/Secret Wars,mini (5 issues),31,https://batcave.biz/reader/7452/43830,sdk-web,verified-clean (no SW2015 AoA narration short found; only general SW 2015 overviews),En Sabah Nur still reigns over his mutant-dominated domain; the human resistance fights back,2026-06-10,queued
E Is for Extinction (Secret Wars),2015,Marvel/Secret Wars,mini (4 issues),31,https://batcave.biz/reader/14118/94823,sdk-web,verified-clean (no narration short found for this SW2015 mini),Grant Morrison's X-Men era gets a dark Battleworld twist: Cassandra Nova is back with new plans for the Xavier Institute,2026-06-10,queued
Years of Future Past (Secret Wars),2015,Marvel/Secret Wars,mini (5 issues),29,https://batcave.biz/reader/31929/226507,sdk-web,verified-clean (no narration short found),The Days of Future Past timeline as a live Battleworld domain: Kitty Pryde leads the last free mutants against the Sentinels,2026-06-10,queued
Weirdworld (Secret Wars),2015,Marvel/Secret Wars,mini (5 issues),22,https://batcave.biz/reader/31201/220646,sdk-web,verified-clean (no narration short found),Arkon the Barbarian wanders a savage Battleworld realm of monsters and sorcery searching for his lost home Polemachus,2026-06-10,queued
Master of Kung Fu (Secret Wars),2015,Marvel/Secret Wars,mini (4 issues),20,https://batcave.biz/reader/21405/148104,sdk-web,verified-clean (no narration short found),A Battleworld domain where kung fu is the only law; Shang-Chi challenges the Iron Fist lineage ruling the Deadly Hand of Doom,2026-06-10,queued
Red Skull (Secret Wars),2015,Marvel/Secret Wars,mini (3 issues),21,https://batcave.biz/reader/24049/166017,sdk-web,verified-clean (Complete Story long-form exists but no narration short),The Red Skull is the most wanted fugitive on Battleworld; a ragtag team of heroes and villains hunts him across domains,2026-06-10,queued
Siege (Secret Wars),2015,Marvel/Secret Wars,mini (4 issues),21,https://batcave.biz/reader/25330/174758,sdk-web,verified-clean (no narration short found),Abigail Brand has guarded the Shield wall against Battleworld's zombie hordes for years; a last desperate stand,2026-06-10,queued
Korvac Saga (Secret Wars),2015,Marvel/Secret Wars,mini (4 issues),22,https://batcave.biz/reader/19847/136431,sdk-web,verified-clean (no narration short found),The Guardians of the Galaxy defend their Battleworld kingdom against a resurgent Korvac seeking godhood again,2026-06-10,queued
Spider-Island (Secret Wars),2015,Marvel/Secret Wars,mini (5 issues),35,https://batcave.biz/reader/25867/178269,sdk-web,verified-clean (Complete Story long-form exists but no narration short),What if Peter Parker never won? Manhattan overrun by spider-creatures; Agent Venom leads the human resistance,2026-06-10,queued
Wolverine: Debt of Death,2011,Marvel,one-shot,35,https://batcave.biz/reader/31612/223760,manual:marvel.fandom.com/wiki/Wolverine:_Debt_of_Death_Vol_1_1,verified-clean (only Death of Wolverine 2014 shorts; no short for this 2011 one-shot),Wolverine in post-WWII Japan pays a blood debt to a murdered friend — ninja assassins and WWII robot suits,2026-06-15,queued
Hellboy: Krampusnacht,2017,Dark Horse,one-shot,34,https://batcave.biz/reader/17041/114948,manual:hellboy.fandom.com/wiki/Krampusnacht,verified-clean (no /shorts/ narration found; only dub/review/long-form),Hellboy hunts down Krampus in 1975 Austria — a demon who begs to be sent back to Hell by its ancient victims' ghosts,2026-06-16,queued
Punisher MAX: Butterfly,2010,Marvel,one-shot,36,https://batcave.biz/reader/23746/164080,manual:marvel.fandom.com/wiki/Punisher_Max:_Butterfly_Vol_1_1,verified-clean (no /shorts/ narration for this one-shot; Punisher MAX shorts are all Garth Ennis saga-general),A hitwoman marked for death leads the Punisher into a noir web — is she a killer or a victim?,2026-06-16,queued
Beta Ray Bill,2021,Marvel,mini (5 issues),133,https://batcave.biz/reader/786/4264,manual:marvel.fandom.com/wiki/Beta_Ray_Bill_Vol_1_1,"verified-clean (""Beta Ray Bill vs Surtur"" /shorts/ is a single-moment clip from issue #5; ""FULL STORY"" is long-form /watch?; no full-story narration Short found)",Beta Ray Bill — tired of Thor's shadow and Stormbreaker destroyed — seeks a new weapon and destiny and must duel Surtur the fire god for the soul of his people,2026-06-16,queued
Cosmic Ghost Rider,2018,Marvel,mini (5 issues),115,https://batcave.biz/reader/12081/122758,manual:marvel.fandom.com/wiki/Cosmic_Ghost_Rider_Vol_1_1,verified-clean (Comicstorian/Comics Explained coverage is long-form /watch?; a Spanish-language /shorts/ covers origin clip only; no full-story narration Short in English found),Frank Castle — Punisher turned Ghost Rider turned herald of Galactus — travels back in time to raise baby Thanos right and stop universal destruction before it begins,2026-06-16,queued
Thanos Annual,2014,Marvel,one-shot,30,https://batcave.biz/reader/27264/189596,manual:marvel.fandom.com/wiki/Thanos_Annual_Vol_1_1,verified-clean (no /shorts/ narration for this specific one-shot; general Thanos/Mephisto Shorts are about other stories),Trapped in Mephisto's realm after the destruction of the Cosmic Cube Thanos is visited by his own future self wielding the Infinity Gauntlet — a temporal rescue that bends fate itself,2026-06-16,queued
Edge of Spider-Verse #2 (Gwen Stacy: Spider-Woman),2014,Marvel,one-shot,23,https://batcave.biz/reader/14196/95260,manual:marvel.fandom.com/wiki/Edge_of_Spider-Verse_Vol_1_2,verified-clean (only collector-investment Shorts and film clips; no full-story narration Short of this comic issue found),Spider-Gwen's origin — Gwen Stacy is the one bitten by the radioactive spider; Peter Parker dies as the Lizard in her arms; she's hunted by the NYPD and the city; in the climax she reveals her identity to her father Captain Stacy — who lets her go,2026-06-18,queued
Miles Morales: Spider-Man Annual #1,2021,Marvel,one-shot,34,https://batcave.biz/reader/36089/256556,manual:marvel.fandom.com/wiki/Miles_Morales:_Spider-Man_Annual_Vol_1_1,verified-clean (no /shorts/ full-story narration found; only game-related Miles Morales Shorts),Miles Morales and Amulet fight ancient mythological monsters in Brooklyn — cursed artifacts unleash a Cyklops then a Roc that kidnaps Miles; Red Owl is destroyed when his own fireball rebounds; first and only appearance of Red Owl (dies this issue) — fully resolved,2026-06-18,queued
Spider-Man Annual #1 (Spider-Ham),2019,Marvel,one-shot,34,https://batcave.biz/reader/25909/178651,manual:marvel.fandom.com/wiki/Spider-Man_Annual_Vol_3_1,verified-clean (all Shorts found are the animated Into the Spider-Verse film cartoon; no comic-narration Short of this 2019 annual found),By the creators of Into the Spider-Verse — Spider-Ham saves the multiverse when Spider-Gwen's web-watch teleports his entire rogues gallery across dimensions; fourth-wall-breaking madcap adventure with Howard the Duck cameo — self-contained and fully resolved,2026-06-18,queued
Absolute Carnage: Symbiote Spider-Man,2019,Marvel,one-shot,36,https://batcave.biz/reader/92/619,manual:marvel.fandom.com/wiki/Absolute_Carnage:_Symbiote_Spider-Man_Vol_1_1,verified-clean (no /shorts/ full-story narration found; only character-profile clips of Venom/Symbiote),Judge Leonard Elkhart bonds with the Venom symbiote — becoming a killer — only to be brutally killed by Dark Carnage who rips out his spine; Spider-Man and Venom team up to stop the massacre — self-contained origin-to-death story of a forgotten symbiote host,2026-06-18,queued
King In Black: Spider-Man,2021,Marvel,one-shot,33,https://batcave.biz/reader/3208/16771,manual:marvel.fandom.com/wiki/King_in_Black:_Spider-Man_Vol_1_1,"verified-clean (Comicstorian ""Complete Story #12"" is long-form not a Short; the only /shorts/ found are about Spider-Man becoming King in Black in 2026 — a different concept)",Spider-Man spirals with guilt that Knull's symbiote invasion is his fault (he brought Venom to Earth); teams with Reptil and Mrs. Volkov to kill a symbiote dragon; restored to resolve — fully self-contained arc within the King in Black event,2026-06-18,queued
Amazing Spider-Man Annual #1 (Black Suit / Symbiote POV),2018,Marvel,one-shot,34,https://batcave.biz/reader/241/1502,manual:marvel.fandom.com/wiki/Amazing_Spider-Man_Annual_Vol_5_1,verified-clean (no /shorts/ narration of this issue found; symbiote Shorts are game-clips or movie edits),Untold tale from the black-suit era — the symbiote narrates its secret nighttime excursions using Peter's sleeping body: it fights Hammerhead's gang while feeding Peter dreams of saving Gwen and Uncle Ben; Black Cat realizes its autonomous nature is wrong — conclusive period-piece done-in-one,2026-06-18,queued
Edge of Spider-Verse #3 (Aaron Aikman),2014,Marvel,one-shot,22,https://batcave.biz/reader/14196/95261,manual:marvel.fandom.com/wiki/Edge_of_Spider-Verse_Vol_1_3,"verified-clean (Shorts found are single-moment character clips — ""How THIS Variant Died"" /Ky7Ywj_Owh4 + /3s2EBCNCFdU — not full-story narrations)",Self-contained alternate Spider-Man tale: Dr. Aaron Aikman is a scientist-turned-hero hunting the dream-kidnapper Naamurah — a complete done-in-one origin-to-death story about a Spider-Man nobody has narrated,2026-06-19,queued
Edge of Spider-Verse #5 (Peni Parker / SP//dr),2014,Marvel,one-shot,24,https://batcave.biz/reader/14196/95263,manual:marvel.fandom.com/wiki/Edge_of_Spider-Verse_Vol_1_5,"verified-clean (long-form multi-part series ""WHO IS PENI PARKER"" /4xeRnvLiWok is NOT a Short; no full-story narration Short found)",First appearance of Peni Parker: a Japanese-American teen pilots the psychic mech SP//dr after her father's death — fights Mysterio; first issue by Gerard Way (Umbrella Academy) — unique anime-influenced done-in-one,2026-06-19,queued
The Superior Spider-Man Returns,2023,Marvel,one-shot,41,https://batcave.biz/reader/22624/155811,manual:marvel.fandom.com/wiki/The_Superior_Spider-Man_Returns_Vol_1_1,"verified-clean (""FULL STORY BREAKDOWN"" /ansdLM6PeSY is long-form /watch?; VeVe #Shorts is NFT unboxing; no full-story narration Short found)",Dan Slott returns: 10 years after taking over Peter Parker's body Doc Ock resurfaces with a new secret apprentice — fully self-contained one-shot celebrating the Superior Spider-Man anniversary,2026-06-19,queued
Spider-Man 2099: Exodus - Alpha,2022,Marvel,one-shot,33,https://batcave.biz/reader/4943/25910,manual:marvel.fandom.com/wiki/Spider-Man_2099:_Exodus_Alpha_Vol_1_1,verified-clean (results are all reviews /watch? and Spanish-lang recaps; no full-story narration Short in English found),Miguel O'Hara returns: a cataclysmic crash creates a Garden of Eden in the Wastelands as The Cabal moves to set 2099 ablaze — self-contained bookend one-shot opening 2099's 30th anniversary,2026-06-19,queued
Spider-Man 2099: Exodus - Omega,2022,Marvel,one-shot,31,https://batcave.biz/reader/4944/25911,manual:marvel.fandom.com/wiki/Spider-Man_2099:_Exodus_Omega_Vol_1_1,verified-clean (only Spanish-lang reviews and playlist; no full-story narration Short in English found),Spider-Man 2099 vs. Norman Osborn — the explosive final battle for the Celestial Garden; X-Men 2099 and Ghost Rider 2099 in the ultimate 2099 showdown — self-contained climax one-shot,2026-06-19,queued
Dark Reign: The List - Amazing Spider-Man,2010,Marvel,one-shot,43,https://batcave.biz/reader/12700/84322,manual:marvel.fandom.com/wiki/Dark_Reign:_The_List_-_Amazing_Spider-Man_Vol_1_1,verified-clean (only Hindi/Urdu long-form /watch? narrations from Speedtiger; no /shorts/ full-story narration found),Peter Parker exposes Norman Osborn's Weapon X vivisection experiments on live humans — outsmarting the Green Goblin in front of a live internet audience in his most personal duel with the Dark Reign's top cop,2026-06-19,queued
Galacta: Daughter of Galactus,2010,Marvel,one-shot,41,https://batcave.biz/reader/15595/105647,manual:marvel.fandom.com/wiki/Galacta:_Daughter_of_Galactus_Vol_1_1,verified-clean (Shorts found are Marvel Rivals character-clips and pregnancy-moment clips; NO full-story narration Short of the 2010 comic issue found),Galactus' daughter hides on Earth eating alien invaders to resist her cosmic hunger — then Galactus himself arrives to reveal she's pregnant with a new cosmic entity,2026-06-19,queued
Spider-Ham (2019) #1,2019,Marvel,mini (5 issues) — use issue #1 as entry,24,https://batcave.biz/reader/4932/25825,sdk-web (Fandom page exists but synopsis empty — Vol 1 1),verified-clean (Shorts found are origin/character-profile clips; no full-story narration Short of 2019 Zeb Wells mini found; long-form voice-acting readthrough is /watch? not /shorts/),Peter Porker the Spectacular Spider-Ham discovers someone is messing with his universe — and Spider-Man crashes his solo adventure so they end up trapped in the past together; zany time-travel comedy with APORKALYPSE NOW! stakes,2026-06-19,queued
Spider-Man: Holiday Spectacular,2025,Marvel,one-shot,25,https://batcave.biz/reader/33952/244776,manual:marvel.fandom.com/wiki/Spider-Man:_Holiday_Spectacular_Vol_1_1 (auto-fandom returned 1995 issue; use exact URL),"verified-clean (Shorts found are reviews/previews — /shorts/ParHLOZdQpw Review!, /shorts/K4MosYoVT-Q Comic Book Review; NO full-story narration Short)","Peter Parker spends the holidays alone — then swings through the entire Marvel Universe visiting Fantastic Four Hanukkah, Avengers party, Daredevil patrol, and X-Men in New Orleans; warm feel-good one-shot connecting every Marvel corner",2026-06-19,queued
Kidpool & Spider-Boy,2024,Marvel,one-shot,46,https://batcave.biz/reader/33238/235531,sdk-web (Fandom page Kidpool & Spider-Boy Vol 1 1 exists but synopsis empty),"verified-clean (Shorts found are crush/reaction clips in Portuguese — /shorts/VZK-Xa5NALk, /shorts/A9Zd2Fbe0eo — not full-story narrations)",Kidpool — Deadpool's murderous middle-school girl variant from the Deadpool & Wolverine film — teams with Spider-Boy vs Stegron the Dinosaur Man; guns bombs swords dinosaurs and a twelve-year-old who refuses to follow the Comics Code,2026-06-19,queued
Spider-Man & Venom: Double Trouble (2019) #1,2019,Marvel,mini (4 issues) — use issue #1,24,https://batcave.biz/reader/4939/25878,sdk-web (Fandom Vol 1 1 page exists but synopsis empty),verified-clean (all /watch?v= videos are long-form readthroughs from Marvel — not Shorts; /shorts/bhlJ5WGHBtk is unrelated Venom clip; no full-story narration Short found),Peter Parker and Venom accidentally mind-swap bodies — Venom crashes a reality TV athletic show as Spider-Man while a horrified Peter tries to fix things; zany buddy-comedy by Mariko Tamaki and Gurihiru,2026-06-19,queued
Annihilation - Scourge: Nova,2019,Marvel,one-shot,32,https://batcave.biz/reader/312/1942,auto-fandom:5834 (marvel.fandom.com/wiki/Annihilation_-_Scourge:_Nova_Vol_1_1),"verified-clean (all coverage is long-form /watch?v= reviews + ""Nova PRIME takes on THE SENTRY"" review; single-moment Short ""Nova Ripped Out Annihilus Guts"" is NOT full-story narration; no /shorts/ full-story recap found)",Richard Rider (Nova Prime) must form an impossible alliance with Sentry — the insane cosmic weapon of mass destruction — to stop the Cancerverse Scourge from consuming the Negative Zone; nova-force vs undying horror in deep space,2026-06-19,queued
Annihilation - Scourge Alpha,2019,Marvel,one-shot (event opener),33,https://batcave.biz/reader/308/1938,auto-fandom:3364 (marvel.fandom.com/wiki/Annihilation_-_Scourge_Alpha_Vol_1_1),"verified-clean (only long-form reviews /watch?v= — Comics Explained, Comic Book University; no /shorts/ full-story narration found)",The Cancerverse punches through the Negative Zone — Annihilus and the heroes of the positive universe must unite against an army of undying cosmic monsters; the full scope of the Scourge threat revealed in one thunderous opener,2026-06-19,queued
Infinity Countdown: Adam Warlock,2018,Marvel,one-shot,30,https://batcave.biz/reader/2869/14896,auto-fandom:2143 (marvel.fandom.com/wiki/Infinity_Countdown_Vol_1_1),verified-clean (coverage is Spanish-language long-form narration /watch? and reviews; Shorts found are all generic Adam Warlock character clips — no full-story narration Short of this specific issue found),Adam Warlock returns from the Soul Gem after eons inside — resurrected at the worst possible time as the Magus and a rogue Infinity Stone hunt him across the cosmos; the return of Marvel's most cosmic prophet,2026-06-19,queued
Infinity Countdown: Captain Marvel,2018,Marvel,one-shot,25,https://batcave.biz/reader/2871/14898,exact-fallback:1765 (marvel.fandom.com/wiki/Infinity_Countdown:_Captain_Marvel_Vol_1_1),verified-clean (only reviews /watch?v= and MCU Captain Marvel Shorts; no /shorts/ full-story narration of this comic issue found),Captain Marvel must cross into a mirror universe to reclaim the Reality Stone — solo deep-space heist against a malevolent alternate-reality version of herself; highest-stakes 25-page cosmic action,2026-06-19,queued
100th Anniversary Special: Guardians of the Galaxy,2014,Marvel,one-shot,22,https://batcave.biz/reader/7002/40029,auto-fandom:2904 (marvel.fandom.com/wiki/100th_Anniversary_Special_-_Guardians_of_the_Galaxy_Vol_1_1),verified-clean (Shorts found are animated-series GotG clips and MCU anniversary content; no /shorts/ full-story narration of this 2014 special comic issue found),Set in 2061 — the future Guardians of the Galaxy face a new Badoon warlord threatening the galaxy; imagines what Marvel's cosmic team will look like in 50 years; self-contained retro-futurist adventure,2026-06-19,queued
The Thanos Imperative: Ignition,2010,Marvel,one-shot (event bookend),28,https://batcave.biz/reader/29357/205290,auto-fandom:3357 (marvel.fandom.com/wiki/Thanos_Imperative:_Ignition_Vol_1_1),verified-clean (/shorts/gh9Gt7nLovI is overview of the full 6-issue Thanos Imperative event — NOT a narration of Ignition one-shot specifically; no full-story Ignition Short found),The Cancerverse cracks open — the realm where life defeated Death and now hunts all existence — Thanos is revived as the only weapon that can stop an immortal army; the cosmic horror ignition that lit the fuse on Marvel's darkest space epic,2026-06-19,queued
What If...? Galactus Transformed Moon Knight,2025,Marvel Comics,one-shot,23,https://batcave.biz/reader/33269/235901,sdk-web (Fandom likely; cosmic single-story),verified-clean (only review/preview/clip + ranking-all-5 Short; no full-story narration Short),Khonshu the Moon God clashes with Galactus as Moon Knight is turned into a cosmic Herald,2026-06-20,queued
What If...? Galactus Transformed Hulk,2025,Marvel Comics,one-shot,25,https://batcave.biz/reader/33245/235784,sdk-web (Fandom likely; cosmic single-story),verified-clean (only review/preview/clip + ranking-all-5 Short; no full-story narration Short),Galactus recruits the Hulk as his herald — Cosmic Hulk's devastating power and tragic fall,2026-06-20,queued
What If...? Galactus Transformed Rogue,2025,Marvel Comics,one-shot,24,https://batcave.biz/reader/33282/235988,sdk-web (Fandom likely; cosmic single-story),verified-clean (only review/preview/clip + ranking-all-5 Short; no full-story narration Short),A young Rogue absorbs the Silver Surfer's Power Cosmic and becomes a Herald of Galactus,2026-06-20,queued
X-Men: Blood Hunt - Magik,2024,Marvel Comics,one-shot,26,https://batcave.biz/reader/32787/241927,Fandom page exists (X-Men:_Blood_Hunt_-_Magik_Vol_1); sdk-web ok,verified-clean (only reviews/discussion videos; no full-story narration Short),"After the fall of Krakoa, Magik defends her Russian homeland from a vampire army during Blood Hunt",2026-06-20,queued
What If...? Thor Got Spider-Man's Symbiote Suit,2026,Marvel Comics,one-shot,28,https://batcave.biz/reader/37527/263271,"WEAK - very new (Jun 2026), Fandom miss; sdk-web/manual from reviews (ComicBook/Screen Rant)",verified-clean (only single-moment/why clips; no full-story narration Short),"On Battleworld, Thor bonds with the Venom symbiote instead of Peter Parker -> 'God of Darkness'; Loki seduced; battles Knull",2026-06-20,queued
Werewolf By Night: Blood Hunt,2024,Marvel,one-shot,29,https://batcave.biz/reader/32812/241924,auto-fandom:2710 (marvel.fandom.com/wiki/Werewolf_by_Night:_Blood_Hunt_Vol_1_1),verified-clean (only review /watch?v=GSv0RNed7tU; no /shorts/ full-story narration; 15-sec promo Shorts are character-facts NOT this issue),Jake Gomez (Werewolf by Night) transforms on a dirt-bike ride through the Arizona desert to stumble upon cultists who summon a ghost — vampire apocalypse collides with a coming-of-age supernatural story during Blood Hunt,2026-06-21,queued
X-Men: Blood Hunt - Jubilee,2024,Marvel,one-shot,25,https://batcave.biz/reader/32760/231296,WEAK — Fandom page exists (X-Men:_Blood_Hunt_-_Jubilee_Vol_1_1) but Synopsis1 empty; solicit only; use sdk-web,verified-clean (only reviews /watch?v= — no /shorts/ full-story narration found),Jubilee's dark past as a vampire resurfaces during Blood Hunt — the mutant who survived losing her powers must now face blood and darkness she thought she had left behind,2026-06-21,queued
X-Men: Blood Hunt - Psylocke,2024,Marvel,one-shot,23,https://batcave.biz/reader/32804/241926,WEAK — Fandom page exists (X-Men:_Blood_Hunt_-_Psylocke_Vol_1_1) but Synopsis1 empty; solicit only; use sdk-web,verified-clean (only reviews /watch?v= and Shorts about Psylocke character NOT this issue — no /shorts/ full-story narration),Kwannon (Psylocke) faces vampires in Japan on a bloody vacation with her lover Greycrow — ninja vs. vampire in Blood Hunt's darkest corner of Asia,2026-06-21,queued
X-Men: Blood Hunt - Laura Kinney The Wolverine,2024,Marvel,one-shot,26,https://batcave.biz/reader/32838/241925,MISS — no Fandom page found under tested variants; use sdk-web fallback,verified-clean (only reviews /watch?v= — no /shorts/ full-story narration found),Laura Kinney (All-New Wolverine) returns solo during Blood Hunt — regeneration vs. undying vampires in a brutal done-in-one,2026-06-21,queued
Hulk: Blood Hunt,2024,Marvel,one-shot,35,https://batcave.biz/reader/35594/253999,WEAK — Fandom page exists (Hulk:_Blood_Hunt_Vol_1_1) but Synopsis1 empty; use sdk-web,"verified-clean — /shorts/SgBWFZPL58g is a #15secondcomics promo clip (NOT full-story narration); review /watch?v=pOU2qRtPUm0; no /shorts/ full-story narration Short found","Hulk and Banner venture through an Old West ghost town during Blood Hunt — the last man in town holds a dark secret; Phillip Kennedy Johnson's one-shot with Danny Earls art",2026-06-21,queued
Adventure Time: Marcy & Simon #1,2019,KaBOOM!,mini (6 issues) — issue #1,27,https://batcave.biz/reader/118/948,manual-wiki:adventuretime.fandom.com (full synopsis),verified-clean (no full-story narration Short; reviews/long-form only),"After the AT finale, Marceline & Simon descend into the Nightosphere to redeem Ice King — emotional reconciliation",2026-06-21,queued
Regular Show: 25 Years Later #1,2018,KaBOOM!,mini (6 issues) — issue #1,25,https://batcave.biz/reader/4445/22676,manual-wiki:regularshow.fandom.com,verified-clean (no full-story narration Short; reviews/long-form only),"25 years after Pops' sacrifice — Mordecai & Rigby reunite as dads, then their kids are abducted into a Fairy world",2026-06-21,queued
Adventure Time Season 11 #1,2018,KaBOOM!,mini — issue #1,28,https://batcave.biz/reader/115/938,manual-wiki:adventuretime.fandom.com,verified-clean (no full-story narration Short; reviews/long-form only),The only canon 'Season 11' — post-Gum War Ooo rebuilds; Marceline becomes Empress; the show's official sequel,2026-06-21,queued
Rick and Morty vs. the Universe: Summer of Love,2025,Oni Press,one-shot,27,https://batcave.biz/reader/33695/242562,sdk-web,verified-clean (no full-story narration Short; reviews/long-form only),"Rick & Morty ditch the bachelor party, so Summer throws Parmesan a chaotic bachelorette that ends in a police lineup",2026-06-21,queued
Rick and Morty vs. the Universe: Beth 'Til Death,2025,Oni Press,one-shot,28,https://batcave.biz/reader/34004/245268,sdk-web,verified-clean (no full-story narration Short; reviews/long-form only),Beth-centric one-shot — a Smith family crisis with cosmic fallout,2026-06-21,queued
DuckTales: Silence and Science #1,2019,IDW,mini (3 issues) — issue #1,22,https://batcave.biz/reader/14051/94519,manual-wiki:ducktales.fandom.com,verified-clean (no full-story narration Short; reviews/long-form only),Webby Vanderquack investigates a buried scientific mystery — sci-fi adventure in the 2017 DuckTales universe,2026-06-21,queued
DuckTales (2024) #1,2024,Dynamite,ongoing — issue #1,29,https://batcave.biz/reader/33133/247274,manual-wiki:ducktales.fandom.com (VERIFY issue#1 reader),verified-clean (no full-story narration Short; reviews/long-form only),Scrooge + nephews hunt a forgotten treasure in Duckburg's library — Dynamite's fresh franchise restart,2026-06-21,queued
Sonic the Hedgehog: Bad Guys #1,2020,IDW/Sega,mini (4 issues) — issue #1,36,https://batcave.biz/reader/4878/25201,manual-wiki:sonic.fandom.com (~8000 chars),verified-clean (no full-story narration Short; reviews/long-form only),"Dr. Starline recruits a super-villain crew (Rough, Tumble, Mimic, Zavok) to raid Eggman's base — a villains-only heist",2026-06-21,queued
Sonic the Hedgehog: Scrapnik Island #1,2022,IDW/Sega,mini (4 issues) — issue #1,30,https://batcave.biz/reader/4880/25209,manual-wiki:sonic.fandom.com (5734 chars),verified-clean (no full-story narration Short; reviews/long-form only),Sonic & Tails crash on a Death Egg graveyard where rusted robots that once hunted Sonic now live as a peaceful village; Mecha Sonic wakes,2026-06-21,queued
Sonic the Hedgehog: Tangle & Whisper #1,2019,IDW/Sega,mini (4 issues) — issue #1,30,https://batcave.biz/reader/4882/25214,manual-wiki:sonic.fandom.com (7445 chars),verified-clean (no full-story narration Short; reviews/long-form only),Cheery lemur Tangle + silent wolf-ghost sniper Whisper (dark secret) team up to hunt the shapeshifter Mimic — opposites duo,2026-06-21,queued
Predator vs. Wolverine #1,2023,Marvel,mini (4 issues) — issue #1,43,https://batcave.biz/reader/6950/36123,sdk-web (Wikipedia/CBR; marvel.fandom miss),verified-clean (no full-story narration Short; reviews/long-form only),50 years of hunts: a Predator stalks Wolverine since Weapon X — the one prey who keeps escaping the ultimate hunter,2026-06-21,queued
Transformers: Shattered Glass #1,2021,IDW,mini (5 issues) — issue #1,30,https://batcave.biz/reader/6270/32520,sdk-web (transformers.fandom),verified-clean (no full-story narration Short; reviews/long-form only),"Mirror universe: Optimus Prime is a cruel tyrant, Megatron a heroic liberator — everything inverted",2026-06-21,queued
Power Rangers Unlimited: The Death Ranger,2022,BOOM! Studios,one-shot,42,https://batcave.biz/reader/4260/21723,sdk-web (powerrangers.fandom stub),verified-clean (no full-story narration Short; reviews/long-form only),"The dark history of the Omega Rangers' forgotten Gold Ranger — the Death Ranger, told by Andros & Zhane",2026-06-21,queued
Godzilla vs. Hulk,2025,Marvel/IDW,one-shot,29,https://batcave.biz/reader/33463/239137,sdk-web (very new Jun 2025),verified-clean (no full-story narration Short; reviews/long-form only),Gamma radiation + Godzilla = Gamma Godzilla; two extinction-level nightmares level San Antonio,2026-06-21,queued
Predator vs. Black Panther #1,2024,Marvel,mini (4 issues) — issue #1,34,https://batcave.biz/reader/32939/232555,sdk-web,verified-clean (no full-story narration Short; reviews/long-form only),A Predator lands in Wakanda — T'Challa must hunt the hunter inside the world's most sacred kingdom,2026-06-21,queued
Generations: Miles Morales Spider-Man & Peter Parker Spider-Man,2017,Marvel,one-shot,26,https://batcave.biz/reader/15734/106580,manual:marvel.fandom.com/wiki/Generations:_Miles_Morales_Spider-Man_&_Peter_Parker_Spider-Man_Vol_1_1,verified-clean (Shorts found are /shorts/WQtYqHy_Psg Comicstorian and /shorts/JrZ3LBt6qq4 Jug Comics — both are SINGLE-MOMENT clips titled 'meets' NOT full-story narrations of the one-shot; no complete start-to-finish Short found),Miles Morales is mysteriously sent back in time to meet a young Peter Parker still finding his feet — two Spider-Men across generations face a shared doppelganger crisis; heartfelt done-in-one by Brian Bendis,2026-06-22,queued
Amazing Spider-Man/Ghost Rider: Motorstorm,2011,Marvel,one-shot,26,https://batcave.biz/reader/7804/46478,manual:marvel.fandom.com/wiki/Amazing_Spider-Man/Ghost_Rider:_Motorstorm_Vol_1_1,verified-clean (Shorts found are character-moment clips and reviews /watch?v= — no full-story narration Short for this specific 2011 one-shot found),"Spider-Man and Ghost Rider share a drink then a demon called the Servicer possesses Ghost Rider's bike — soul-devouring nightmare on the streets of Manhattan that only ends when Spidey and Blaze ride it into the beast itself; punchy done-in-one crossover",2026-06-22,queued
"Spider-Man/Deadpool Vol 1 1.MU",2017,Marvel,one-shot,32,https://batcave.biz/reader/4934/25827,manual:marvel.fandom.com/wiki/Spider-Man/Deadpool_Vol_1_1.MU,verified-clean (Shorts found are general Spider-Man/Deadpool character moments — none narrate this specific Monsters Unleashed tie-in one-shot),"Monsters Unleashed: kaiju tear through the Marvel Universe — Spider-Man throws himself into the carnage at great personal cost while Deadpool is exactly as helpful as expected; a Monsters Unleashed tie-in done-in-one",2026-06-22,queued
Symbiote Spider-Man: King In Black #1,2020,Marvel,mini (5 issues) — issue #1,35,https://batcave.biz/reader/5415/28317,manual:marvel.fandom.com/wiki/Symbiote_Spider-Man:_King_in_Black_Vol_1_1,verified-clean (Comicstorian coverage is /watch?v= long-form; all other coverage is also /watch?v= — no full-story narration Short found),"Peter David's retro thriller: the symbiote-costume era — a cosmic eclipse signals Knull's approach; a dark entity called Mister E possesses Alistair Smythe; Kang kidnaps the Watcher; the Black Knight arrives on horseback; all roads lead to the King In Black",2026-06-22,queued
"Astonishing Spider-Man & Wolverine #1",2010,Marvel,mini (6 issues) — issue #1,29,https://batcave.biz/reader/8465/53101,manual:marvel.fandom.com/wiki/Astonishing_Spider-Man_&_Wolverine_Vol_1_1,verified-clean (Complete Story is /live/ long-form not /shorts/; no full-story narration Short found — only reviews and issue-by-issue readthroughs),Spider-Man and Wolverine accidentally get sent to the dinosaur age by a bag of glowing time diamonds — then flung to the far future; a chaotic bromance time-travel adventure by Jason Aaron that reshapes both characters across history,2026-06-22,queued
Spider-Gwen: Smash #1,2024,Marvel,mini (4 issues) — issue #1,33,https://batcave.biz/reader/32309/228600,manual:marvel.fandom.com/wiki/Spider-Gwen:_Smash_Vol_1_1 (VERIFY — Fandom page may be thin),verified-clean (Shorts found are official previews and first-look clips — no full-story narration Short found),Spider-Gwen faces a new threat during the Smash arc — Ghost-Spider crosses worlds in a high-octane mini with anime-influenced art by Enid Balam,2026-06-22,queued
Spider-Man Noir (2025) #1,2025,Marvel,ongoing — issue #1,30,https://batcave.biz/reader/33820/243800,WEAK — new series (2025); Fandom miss; sdk-web/reviews (Prime Video tie-in timing),verified-clean (Shorts found are series announcement clips and review shorts — no full-story narration Short of the comic found),The original noir Peter Parker returns in a new 2025 run tied to the Prime Video series — hardboiled 1930s detective story with new conspiracies; self-contained issue #1 entry,2026-06-22,queued
Symbiote Spider-Man 2099 #1,2024,Marvel,mini (5 issues) — issue #1,33,https://batcave.biz/reader/32563/229965,WEAK — Fandom miss; sdk-web from reviews,verified-clean (no full-story narration Short; reviews/long-form only),Miguel O'Hara's 2099 future infected by a new symbiote — Spider-Man 2099 bonds with an alien organism and faces a corrupted future that echoes 2024's present,2026-06-22,queued
